,client_us,server_us,total_us,total_ms
x86_64,82.55,186.85,269.4,0.2694
ARM64,1551.25,6883.87,8435.119999999999,8.43512
RISC-V64,1890.1999999999998,8534.69,10424.89,10.42489
